ID,영역,기능,일반적인 구현 방식,제품 현재 지원 상태,PoC 또는 실험 상태,현재 표현 Level,목표 표준화 Level,프론트 표현 가능 여부(목표),서버 Specification 필요 여부(목표),JS/TS·Python 확장 필요 여부(목표),보안 및 실행 제약,제거 가능한 반복 구현(가설),참고 오픈소스,우선순위,표준화 근거
A01,A,CRUD,Controller/DTO/Service/Repository,"부분: read/create/공개 전이; 임의 필드 update/delete 없음 [P02,P03]",command/delete 있음 [Q01],L1+L2+L3,L1+L2+L3,허용된 조회·변경 조합,행·필드·변경 권한,특수 불변조건만,생성/수정/삭제 권한 분리·원자성,화면별 CRUD DTO와 endpoint,Spring/Django/Laravel; Saleor,P1,프로젝트 공통 실행·검사 기계 / 기존 primitive의 bounded 조합 / 서버 권한·업무 규칙을 재사용
A02,A,관계 데이터 조회,ORM join/serializer/N+1 방지,지원: 노출 관계의 단일·다중 traverse [P02],query 관계 [Q01],L1+L2+L3,L1+L2+L3,필드·관계 선택,관계 노출·가시성,일반 관계 불필요,깊이/행 수/권한/팬아웃 상한,관계별 조회 endpoint,Spring/Django/Laravel; Saleor,P2,프로젝트 공통 실행·검사 기계 / 기존 primitive의 bounded 조합 / 서버 권한·업무 규칙을 재사용
A03,A,복잡한 조건과 집계,Repository query/집계 service,부분: 조건/count/sum/min/max; avg·임의 산식 아님 [P02],query aggregate [Q01],L1+L2+L3,L1+L2+L3,허용 필터·집계 호출,sourceAccess/입력 binding,특수 알고리즘,집계로 숨긴 행 추론 방지,통계 화면별 SQL/DTO,Spring/Django/Laravel; Saleor,P1,프로젝트 공통 실행·검사 기계 / 기존 primitive의 bounded 조합 / 서버 권한·업무 규칙을 재사용
A04,A,검색과 필터링,검색 query/index/파라미터 검증,부분: 노출 filter; 전문 검색 엔진 계약 없음 [P02],PG 전문 검색 [Q01],L1+L2+L3,L1+L2+L3,허용 검색·필터,검색 대상/민감 필드,검색 엔진 adapter,질의 비용/권한 적용/엔진별 차이,검색 endpoint/필터 파싱,Spring/Django/Laravel; Saleor,P2,프로젝트 공통 실행·검사 기계 / 기존 primitive의 bounded 조합 / 서버 권한·업무 규칙을 재사용
A05,A,정렬과 페이지네이션,cursor codec/order whitelist,지원 범위 내 sort/keyset/offset [P02],query pagination [Q01],L1+L2+L3,L1+L2+L3,노출 sort/page 조합,안정 정렬/예산,일반 기능 불필요,cursor 바인딩/최대 offset/동일값 tie-break,목록별 pagination 구현,Spring/Django/Laravel; Saleor,P2,프로젝트 공통 실행·검사 기계 / 기존 primitive의 bounded 조합 / 서버 권한·업무 규칙을 재사용
A06,A,Bulk Operation,batch service/트랜잭션/상한 검사,부분: bounded bulk 전이·many 효과; 원자적 [P03],each partial [Q01],L1+L2+L3,L1+L2+L3,허용 bulk 조합,대상/상한/실패 정책,특수 batch만,부분 실패는 별도 미결정; 항목별 권한,bulk endpoint/중복 재시도 코드,Spring/Django/Laravel; Saleor,P1,프로젝트 공통 실행·검사 기계 / 기존 primitive의 bounded 조합 / 서버 권한·업무 규칙을 재사용
A07,A,데이터 검증 및 변환,DTO validator/mapper,"부분: scalar·nullable·Ref 타입; 일반 변환은 확장 [P01,P04]",동적 검증 [Q01],L1+L3+L4,L1+L2+L3+L4,등록 변환 조합,타입/업무 검증,프로젝트 전용 변환,크기/범위/출력 타입/Unicode·날짜 의미,DTO 검증·반복 mapping,Spring/Django/Laravel; Saleor,P1,프로젝트 공통 실행·검사 기계 / 기존 primitive의 bounded 조합 / 서버 권한·업무 규칙을 재사용 / provider 또는 프로젝트 고유 알고리즘
A08,A,트랜잭션,Service transaction decorator,"지원: DB 단위 원자적 apply [P03,P06]",DB transaction [Q01],L1+L3,L1+L2+L3,허용 원자적 묶음,불변조건/경계,특수 동작은 제한 확장,외부 결제까지 원자적이라고 하지 않음,transaction wrapper/rollback,Spring/Django/Laravel; Saleor,P1,프로젝트 공통 실행·검사 기계 / 기존 primitive의 bounded 조합 / 서버 권한·업무 규칙을 재사용
A09,A,낙관적·비관적 잠금,version compare/SELECT FOR UPDATE,부분: 행·권한·advisory 잠금; 범용 version-CAS 미확인 [P03],DB locking [Q01],L1+L3,L1+L3,기대 버전 전달,경합 정책/락 순서,대개 불필요,stale write 오류/교착/락 대기 예산,동시성 제어 보일러플레이트,Spring/Django/Laravel; Saleor,P1,프로젝트 공통 실행·검사 기계 / 서버 권한·업무 규칙을 재사용
A10,A,캐시,key/TTL/invalidation service,부분: SDK deps·세션 수명 캐시 [P05],서버 cache 일부; 분할 한계 [Q01],L1+L3,L1+L3,허용 조회 캐시,가시성·tenant key/TTL,특수 캐시 adapter,권한 회수/다른 연결 변경/오래된 응답,화면별 key/invalidation,Spring/Django/Laravel; Saleor,P2,프로젝트 공통 실행·검사 기계 / 서버 권한·업무 규칙을 재사용
A11,A,Migration,ORM migration/배포 script,지원 범위 내 plan/preflight/apply/journal [P08],별도 schema evolve [Q01],L1+L3,L1+L3,운영 호출만,변경 의도/승인 digest,특수 대형 backfill,데이터 보존/기존 배포 fence/중단 복구,수기 DDL 차이·적용 저널,Spring/Django/Laravel; Saleor,P2,프로젝트 공통 실행·검사 기계 / 서버 권한·업무 규칙을 재사용
A12,A,데이터베이스별 기능 차이,dialect branch/adapter,"PG 단일 백엔드; DB 간 차이 처리 계약 없음 [P02,P08]",PG 전용 [Q01],—,L1+L3,가능 기능만 발견,backend capability,provider adapter,같은 문법의 의미 차이 명시,DB별 조건 분산,Spring/Django/Laravel; Saleor,P3,프로젝트 공통 실행·검사 기계 / 서버 권한·업무 규칙을 재사용
B01,B,인증과 인가,JWT middleware/permission guards,"부분: JWT/지속 principal/행·필드 정책 [P07,P01]",별도 HMAC auth [Q01],L1+L3,L1+L3,인증된 표준 호출,issuer/audience/actor·정책,외부 IdP adapter,서명/폐기/actor mapping; caller actor 불신,endpoint별 인증·인가 glue,OpenFGA; Frappe/Twenty,P0,프로젝트 공통 실행·검사 기계 / 서버 권한·업무 규칙을 재사용
B02,B,RBAC / ABAC,role decorators/속성 조건,부분: predicate로 role/속성 조건; 전용 policy catalog 아님 [P01],predicate/role [Q01],L2+L3,L1+L2+L3,허용 기능 조합,role·속성의 정본/최소권한,특수 policy adapter,모든 executor에서 동일 권한 평가,guard 중복·권한 조건 분산,OpenFGA; Frappe/Twenty,P0,프로젝트 공통 실행·검사 기계 / 기존 primitive의 bounded 조합 / 서버 권한·업무 규칙을 재사용
B03,B,사용자·조직·테넌트 격리,tenant middleware/query scopes,"부분: predicate로 표현 가능; 전용 tenant 강제 없음 [P01,P03]",tenant 읽기·참조·쓰기 pin [Q02],L2+L3,L1+L3,현재 tenant 범위 호출,멤버십/tenant anchoring,특수 조직 계산,queue/파일/캐시/구독/참조까지 격리,각 repository tenant filter,OpenFGA; Frappe/Twenty,P0,프로젝트 공통 실행·검사 기계 / 서버 권한·업무 규칙을 재사용
B04,B,리소스별 접근 정책,policy classes/guards,"지원: rows/field/expose/allow [P01,P02,P03]",visibility/allow [Q01],L3,L3,노출 범위만 요청,리소스·필드 정책,특수 조건만,권한 정보가 바뀐 동시 실행/마스킹,화면별 접근 검사,OpenFGA; Frappe/Twenty,P0,서버 권한·업무 규칙을 재사용
B05,B,세션 및 토큰,token/session store/revocation,"부분: JWT·principal 폐기·세션 수명 [P07,P06]",HMAC/impersonation [Q01],L1+L3,L1+L3,세션 상태 확인,발급자/수명/연결,IdP 연결,만료·재활성화·장기 Job 권한 재검사,토큰 검증·폐기 glue,OpenFGA; Frappe/Twenty,P0,프로젝트 공통 실행·검사 기계 / 서버 권한·업무 규칙을 재사용
B06,B,API Key,key hash/scopes/rotate service,"제품 공통 API Key 계약 없음 [P06,P07]",이번 감사 상세 미확인,—,L1+L3,허용 scope로 호출,발급/폐기/scope 정책,특수 key provider,원문 비노출/회전/서비스 주체,API별 key 인증,OpenFGA; Frappe/Twenty,P2,프로젝트 공통 실행·검사 기계 / 서버 권한·업무 규칙을 재사용
B07,B,위임 접근,impersonation middleware/audit,제품 위임 계약 없음 [P07],대리 세션·감사 [Q01],—,L1+L3,서버 승인 위임만,위임 주체/대상/기간,특수 위임 판정,중첩/승격/민감 동작 금지/감사,대리 로그인 구현,OpenFGA; Frappe/Twenty,P2,프로젝트 공통 실행·검사 기계 / 서버 권한·업무 규칙을 재사용
B08,B,Rate Limiting,middleware/Redis counters,제품 공통 rate limiter 없음; 연결 상한과 다름 [P06],rate_limits [Q01],—,L1+L3,호출은 제한 적용,주체/tenant/기능별 rate,provider adapter,분산 원자 counter/Retry-After/공정성,API별 throttle 코드,OpenFGA; Frappe/Twenty,P1,프로젝트 공통 실행·검사 기계 / 서버 권한·업무 규칙을 재사용
B09,B,Audit Logging,interceptor/audit table,"제품 업무 감사 계약 없음; 배포 저널은 별개 [P08,P11]","audited intent [Q01,Q02]",—,L1+L3,감사 행 수정 권한 없음,대상/보관/민감값 제거,외부 sink adapter,actor·위임·tenant·결과·상관 ID,업무별 감사 insert,OpenFGA; Frappe/Twenty,P1,프로젝트 공통 실행·검사 기계 / 서버 권한·업무 규칙을 재사용
B10,B,민감 정보 보호,mask/encryption/redaction service,"부분: 가시성·redaction; 제품 저장 암호화 계약 없음 [P02,P05]",필드 암호화 [Q01],L1+L3,L1+L3,허용 출력만,분류/마스킹/키 수명,KMS adapter,logs/queue/results에도 동일 분류,각 serializer 마스킹,OpenFGA; Frappe/Twenty,P1,프로젝트 공통 실행·검사 기계 / 서버 권한·업무 규칙을 재사용
B11,B,비밀 정보 관리,env/vault client/injection,제품 외부 secret broker 없음; worker env 제거 [P04],운영 secret/암호화 키 [Q01],—,L1+L3,secret 이름·원문 요청 불가,서버 capability에 secret ref,vault/provider adapter,비밀 원문을 worker·계약·로그에 노출 금지,외부 서비스별 비밀 로딩,OpenFGA; Frappe/Twenty,P1,프로젝트 공통 실행·검사 기계 / 서버 권한·업무 규칙을 재사용
C01,C,조건문과 분기,if/else service,"부분: predicate/from/allow/repeat; 일반 flow branch 없음 [P01,P03]",when/require [Q01],L2+L3+L4,L2+L3+L4,공개 동작의 허용 조건 조합,업무 분기/실패 계약,특수 계산 분기,분기별 권한·효과·비용 검사,반복 업무 guard/조건 분기,Frappe workflow; Temporal,P1,기존 primitive의 bounded 조합 / 서버 권한·업무 규칙을 재사용 / provider 또는 프로젝트 고유 알고리즘
C02,C,반복 처리,for loop/batch worker,부분: bounded bulk/many; 임의 loop 아님 [P03],"ForEach/EachPartial/jobs [Q01,Q03]",L2+L3+L4,L1+L2+L3+L4,bounded map 조합,상한/원자·부분 실패 정책,특수 반복 알고리즘,항목 수·중단·재개·비용 상한,batch 순회 glue,Frappe workflow; Temporal,P1,프로젝트 공통 실행·검사 기계 / 기존 primitive의 bounded 조합 / 서버 권한·업무 규칙을 재사용 / provider 또는 프로젝트 고유 알고리즘
C03,C,데이터 변환,mapper/serializer/functions,"부분: 확장 내 로컬 계산 [P04,T01]",SQL 식·확장 효과 [Q01],L4,L1+L2+L3+L4,표준 변환 조합,정밀도/단위/출력 계약,특수 알고리즘만,문자·시간대·Decimal 의미 일관성,반복 파싱/형식 변환,Frappe workflow; Temporal,P1,프로젝트 공통 실행·검사 기계 / 기존 primitive의 bounded 조합 / 서버 권한·업무 규칙을 재사용 / provider 또는 프로젝트 고유 알고리즘
C04,C,다단계 업무 처리,service orchestration/saga,부분: DB 전이 effects; 장기 flow 없음 [P03],commands/handlers [Q01],L2+L3,L2+L3+L4,공개 단계만 조합,불변조건·순서·효과 경계,도메인 특수 단계,DB 원자성과 외부 완료를 분리,중복 orchestration glue,Frappe workflow; Temporal,P0,기존 primitive의 bounded 조합 / 서버 권한·업무 규칙을 재사용 / provider 또는 프로젝트 고유 알고리즘
C05,C,상태 머신,state enum/transition guards,"지원 범위 내 from/to/allow/repeat [P01,P03]",approval/lifecycle [Q01],L3,L1+L2+L3,노출 전이 호출,허용 상태/전이/역할,특수 state algorithm,불법·반복·경합 전이/감사,상태 변경 endpoint/guards,Frappe workflow; Temporal,P1,프로젝트 공통 실행·검사 기계 / 기존 primitive의 bounded 조합 / 서버 권한·업무 규칙을 재사용
C06,C,업무 규칙,service checks/rules engine,"부분: predicate/check/unique/invariant/limit [P01,P03]",rules/repair [Q01],L2+L3,L1+L2+L3+L4,규칙을 우회 못 하는 조합,프로젝트 불변조건,표준 불가 계산,변경 전후·commit 시점 규칙,반복 require/조건검사,Frappe workflow; Temporal,P1,프로젝트 공통 실행·검사 기계 / 기존 primitive의 bounded 조합 / 서버 권한·업무 규칙을 재사용 / provider 또는 프로젝트 고유 알고리즘
C07,C,유효성 검사,DTO validator/domain validation,"부분: 타입·범위·필수·참조 검증 [P01,P03,P04]",dynamic validator [Q01],L1+L3,L1+L2+L3,타입에 맞는 입력,업무 제약/에러 코드,도메인 검증 함수,클라이언트 검사로 서버 검사 대체 불가,여러 계층 validation 중복,Frappe workflow; Temporal,P1,프로젝트 공통 실행·검사 기계 / 기존 primitive의 bounded 조합 / 서버 권한·업무 규칙을 재사용
C08,C,승인 및 반려,approval services/role lookup,부분: 전이 조합; 다단계 승인 전문 계약 없음 [P03],approval quorum/expiry [Q02],L2+L3,L1+L2+L3,권한 있는 승인·반려,승인자 결정/자기승인/기한,특수 승인자 계산,권한 변경·중복 투표·반려 뒤 재진입,승인 workflow 반복 구현,Frappe workflow; Temporal,P1,프로젝트 공통 실행·검사 기계 / 기존 primitive의 bounded 조합 / 서버 권한·업무 규칙을 재사용
C09,C,재시도,try/catch/retry helper,부분: apply 같은 키 재생; 업무 retry 정책 아님 [P06],"outbound/job backoff [Q03,Q04]",L1,L1+L3,같은 요청 재전송,재시도 가능 오류/시도 수,특수 provider 판단,timeout은 외부 실패 증명이 아님,retry/backoff 반복 코드,Frappe workflow; Temporal,P0,프로젝트 공통 실행·검사 기계 / 서버 권한·업무 규칙을 재사용
C10,C,보상 작업,saga rollback handlers,"제품 durable 보상 계약 없음 [P03,P06]",on_failure 경로; 일반 보장 미검증 [Q01],—,L1+L3+L4,보상 정책 지정 불가,도메인 보상/운영 복구,환불 등 adapter/특수 보상,보상도 실패·중복 가능; DB rollback과 구분,실패 후속 처리 glue,Frappe workflow; Temporal,P0,프로젝트 공통 실행·검사 기계 / 서버 권한·업무 규칙을 재사용 / provider 또는 프로젝트 고유 알고리즘
C11,C,멱등성,key table/result replay,지원: apply 결과 동일 tx 기록/조회 [P06],"command/job idempotency [Q02,Q03]",L1+L3,L1+L2+L3,key와 원 요청 유지,scope/보존 기간/입력 digest,provider 연계,principal·tenant·계약·효과 key 바인딩,요청 중복 방지 테이블/복구,Frappe workflow; Temporal,P0,프로젝트 공통 실행·검사 기계 / 기존 primitive의 bounded 조합 / 서버 권한·업무 규칙을 재사용
C12,C,복합 트랜잭션,transaction coordinator/saga,부분: 같은 DB apply 원자적; 분산 원자성 없음 [P03],효과 단계 구분 [Q01],L2+L3,L2+L3+L4,허용 로컬 조합,DB/외부 경계/보상,분산 adapter,외부 I/O 중 DB 잠금 보유 금지 원칙,원자성 wrapper·보상 glue,Frappe workflow; Temporal,P0,기존 primitive의 bounded 조합 / 서버 권한·업무 규칙을 재사용 / provider 또는 프로젝트 고유 알고리즘
C13,C,예외 처리,exception filters/typed errors,"부분: Reject·출력검사·rollback; 표준 flow catch 없음 [P03,P04,P06]",AipError/Fail [Q01],L1+L4,L1+L2+L3+L4,타입화 실패 처리,공개 오류/재시도/복구 분류,특수 오류 mapping,민감 오류 비노출·commit unknown 유지,계층별 에러 변환,Frappe workflow; Temporal,P1,프로젝트 공통 실행·검사 기계 / 기존 primitive의 bounded 조합 / 서버 권한·업무 규칙을 재사용 / provider 또는 프로젝트 고유 알고리즘
D01,D,Job Queue,queue producer/worker/status tables,제품 durable queue 없음 [P06],heartbeat/claim job [Q03],—,L1+L3,공개 작업 제출,작업 계약/queue/권한,작업 본문만,수락 영속화·lease·중복·격리,queue glue/status API,Nest/BullMQ/Celery/Temporal; Twenty,P0,프로젝트 공통 실행·검사 기계 / 서버 권한·업무 규칙을 재사용
D02,D,Scheduler,scheduler service/locks,제품 scheduler 없음 [P06],advisory lock scheduler [Q03],—,L1+L3,허용 예약 요청,일정/주체/tenant,특수 달력 계산,시각·시간대·중복 실행·missed run,서비스별 scheduling 코드,Nest/BullMQ/Celery/Temporal; Twenty,P1,프로젝트 공통 실행·검사 기계 / 서버 권한·업무 규칙을 재사용
D03,D,Cron,cron decorators/system cron,제품 cron 계약 없음 [P06],schedule [Q03],—,L1+L3,서버 허용 일정만,식/시간대/일정 변경,영업일 등 특수 달력,DST/누락·중복 tick/분산 리더,cron 등록·락 관리,Nest/BullMQ/Celery/Temporal; Twenty,P2,프로젝트 공통 실행·검사 기계 / 서버 권한·업무 규칙을 재사용
D04,D,지연 실행,delay queue/time column,제품 durable delay 없음 [P06],"outbox available_at [Q03,Q04]",—,L1+L3,허용 지연 범위,최대 지연/취소/업무 기한,대개 불필요,서버 시각/배포 후 계약/권한 재검사,지연 전달·예약 테이블,Nest/BullMQ/Celery/Temporal; Twenty,P1,프로젝트 공통 실행·검사 기계 / 서버 권한·업무 규칙을 재사용
D05,D,장기 실행 작업,background worker/checkpoints,제품은 동기 확장만; 긴 동기 실행은 가능 [T01],DB 항목 Job [Q03],L4(동기),L1+L3+L4,작업 수락·결과 계약,수명/권한/결과 보관,실제 계산 본문,durable state 필요; HTTP/DB 연결 해제,상태·재개·결과 API,Nest/BullMQ/Celery/Temporal; Twenty,P0,프로젝트 공통 실행·검사 기계 / 서버 권한·업무 규칙을 재사용 / provider 또는 프로젝트 고유 알고리즘
D06,D,작업 상태 조회,status endpoint/progress store,/status는 쓰기 멱등 결과; Job 상태 아님 [P06],"job status [Q02,Q03]",—,L1+L3,run handle로 조회,조회자/결과 만료,진행 단계 산출만,tenant/소유자·확정 결과와 진행 상태 구분,작업별 status endpoint,Nest/BullMQ/Celery/Temporal; Twenty,P0,프로젝트 공통 실행·검사 기계 / 서버 권한·업무 규칙을 재사용
D07,D,작업 취소,cancel token/worker interrupt,제품 취소 요청 계약 없음 [P06],이번 감사 cancel 상세 미확인,—,L1+L3+L4,소유 작업 취소 요청,취소 허용 시점/cleanup,협력적 중단·정리,취소 요청과 중단 확인 분리/외부 효과 회수 불가,작업별 취소 플래그,Nest/BullMQ/Celery/Temporal; Twenty,P0,프로젝트 공통 실행·검사 기계 / 서버 권한·업무 규칙을 재사용 / provider 또는 프로젝트 고유 알고리즘
D08,D,Retry / Backoff,queue opts/retry classification,제품 Job retry 없음 [P06],"job/outbound retry [Q03,Q04]",—,L1+L3,재시도 정책 변경 불가,attempt/backoff/deadline,특수 오류 판단,max elapsed/jitter/poison task/idempotency,worker retry boilerplate,Nest/BullMQ/Celery/Temporal; Twenty,P0,프로젝트 공통 실행·검사 기계 / 서버 권한·업무 규칙을 재사용
D09,D,Dead Letter Queue,failed queue/admin tooling,제품 DLQ 없음 [P06],V4 mock dead 상태 [P09],—,L1+L3,권한 있는 상태 조회만,격리/운영 재처리/보관,sink adapter,민감 payload·재처리 권한·재생 멱등성,실패 격리·재처리 도구,Nest/BullMQ/Celery/Temporal; Twenty,P1,프로젝트 공통 실행·검사 기계 / 서버 권한·업무 규칙을 재사용
D10,D,작업 간 의존성,DAG coordinator,제품 dependency 계약 없음 [P06],이번 감사 DAG 상세 미확인,—,L2+L3,허용된 의존 조합,cycle/실패 전파/상한,특수 조정만,실패·취소 전파/결과 바인딩/순환 금지,task chain glue,Nest/BullMQ/Celery/Temporal; Twenty,P2,기존 primitive의 bounded 조합 / 서버 권한·업무 규칙을 재사용
D11,D,병렬 실행,Promise.all/thread pool,확장 내 로컬 가능; 표준 durable 병렬 없음 [P04],이번 감사 병렬 Job 상세 미확인,L4(로컬),L1+L2+L3,bounded fanout 조합,동시 수/취소/정산,특수 계산,부분 실패·tenant 공정성·실행 비용,pool/fanout glue,Nest/BullMQ/Celery/Temporal; Twenty,P2,프로젝트 공통 실행·검사 기계 / 기존 primitive의 bounded 조합 / 서버 권한·업무 규칙을 재사용
D12,D,분산 작업,broker leases/worker fleet,제품 분산 Job 계약 없음 [P06],PG SKIP LOCKED claim [Q03],—,L1+L3+L4,배치 위치 지정 불가,queue/lease/권역/용량,executor adapter,lease 소유권·fencing·노드 장애·중복,분산 claim/heartbeat 구현,Nest/BullMQ/Celery/Temporal; Twenty,P2,프로젝트 공통 실행·검사 기계 / 서버 권한·업무 규칙을 재사용 / provider 또는 프로젝트 고유 알고리즘
E01,E,Domain Event,domain event class/outbox,"부분: notify 제한 형식; 일반 payload event 없음 [P03,P09]","emit/event [Q01,Q04]",L3(제한),L1+L2+L3,허용 동작 결과만,event schema/발행 권한,특수 event mapping,snapshot/version/tenant/수신 범위,event DTO·발행 glue,Dapr; Laravel; Twenty,P0,프로젝트 공통 실행·검사 기계 / 기존 primitive의 bounded 조합 / 서버 권한·업무 규칙을 재사용
E02,E,Event Handler,consumer class/transaction guard,"제품 handler 연결 없음 [P06,P09]",dispatch [Q04],—,L1+L3+L4,서버 허용 구독만,handler 권한/실패 정책,특수 처리 본문,내부 실행도 caller·tenant scope 필요,handler wrapper/retry,Dapr; Laravel; Twenty,P1,프로젝트 공통 실행·검사 기계 / 서버 권한·업무 규칙을 재사용 / provider 또는 프로젝트 고유 알고리즘
E03,E,Pub/Sub,publisher/subscriber client,제품 공통 pubsub 없음 [P06],emit/dispatch [Q04],—,L1+L3,허용 topic만,topic/구독/전달 정책,provider adapter,at-least-once·중복 처리/ACL,broker별 glue,Dapr; Laravel; Twenty,P1,프로젝트 공통 실행·검사 기계 / 서버 권한·업무 규칙을 재사용
E04,E,Kafka·RabbitMQ 등 메시지 브로커,broker SDK/ack/offset,제품 broker adapter 없음 [P06],broker 선언 경로; 실제 연결 미검증 [Q01],—,L1+L3+L4,broker 주소 지정 불가,운영 provider/topic,broker adapter,ack/partition/order/재처리 의미,각 broker 연결 코드,Dapr; Laravel; Twenty,P2,프로젝트 공통 실행·검사 기계 / 서버 권한·업무 규칙을 재사용 / provider 또는 프로젝트 고유 알고리즘
E05,E,Webhook 발행 및 수신,signature middleware/delivery worker,제품 webhook 경로 없음 [P06],inbound/outbound 서명·retry [Q04],—,L1+L3+L4,등록 계약으로 호출,endpoint/서명/secret/이벤트,provider별 payload,raw body 서명/SSRF/replay/중복/재시도,webhook 검증·전달 반복 코드,Dapr; Laravel; Twenty,P1,프로젝트 공통 실행·검사 기계 / 서버 권한·업무 규칙을 재사용 / provider 또는 프로젝트 고유 알고리즘
E06,E,이벤트 기반 후속 작업,listener plus queue producer,제품 outbox 기록 이후 경로 미연결 [P09],"dispatch/jobs [Q03,Q04]",—,L1+L2+L3,공개 조합만,이벤트-작업 binding,특수 단계,commit 뒤 수락·중복·권한 재검사,event-to-job glue,Dapr; Laravel; Twenty,P0,프로젝트 공통 실행·검사 기계 / 기존 primitive의 bounded 조합 / 서버 권한·업무 규칙을 재사용
E07,E,Outbox Pattern,tx insert/claim/publish/ack,"부분: 같은 tx notify insert; 제품 consumer 없음 [P03,P09]",실제 dispatch/outbound [Q04],L1+L3(기록),L1+L3,호출자는 구현 관여 불필요,전달 의미/보관,provider adapter,commit과 delivery 구분; 중복·snapshot·lease,각 앱 outbox 구현,Dapr; Laravel; Twenty,P0,프로젝트 공통 실행·검사 기계 / 서버 권한·업무 규칙을 재사용
E08,E,이벤트 중복 처리,inbox table/dedupe key,"제품 delivery dedupe 없음; apply idem과 별개 [P06,P09]",outbound delivery key [Q04],—,L1+L3,안정 event ID 사용,dedupe scope/보존,provider key adapter,효과 완료와 ack 사이 crash,consumer별 inbox 코드,Dapr; Laravel; Twenty,P0,프로젝트 공통 실행·검사 기계 / 서버 권한·업무 규칙을 재사용
E09,E,이벤트 순서 보장,partition/sequence checks,제품 delivery 순서 계약 없음 [P09],outbound는 순서 없음 [Q04],—,L1+L3,요구 순서 계약만,partition key/version/gap 정책,broker adapter,전역 순서 비용; aggregate별 순서만 선택,순번·유실 보정 glue,Dapr; Laravel; Twenty,P2,프로젝트 공통 실행·검사 기계 / 서버 권한·업무 규칙을 재사용
F01,F,HTTP API 호출,HTTP client/service/error mapper,"제품 broker 없음; 확장 network deny [P04,P06]",outbound HTTP 제한 경로 [Q04],—,L1+L3+L4,등록 capability+typed input,host/method/secret/응답 계약,provider adapter,SSRF/DNS pin/size/deadline/redirect,HTTP wrapper·검증·오류 변환,Spring; Frappe email; Temporal,P0,프로젝트 공통 실행·검사 기계 / 서버 권한·업무 규칙을 재사용 / provider 또는 프로젝트 고유 알고리즘
F02,F,OAuth 기반 외부 서비스 연동,token vault/refresh locks,제품 외부 OAuth 계약 없음 [P04],이번 감사 OAuth 상세 미확인,—,L1+L3+L4,등록 connection handle만,scopes/동의/회전/tenant,provider별 OAuth adapter,refresh 경합/토큰 비노출/폐기,연동별 token refresh glue,Spring; Frappe email; Temporal,P2,프로젝트 공통 실행·검사 기계 / 서버 권한·업무 규칙을 재사용 / provider 또는 프로젝트 고유 알고리즘
F03,F,결제 시스템,payment service/webhook/saga,"제품 결제 capability 없음 [P04,P06]",shop mock effect; 실제 PSP 아님 [Q01],—,L1+L3+L4,서버 업무 계약 호출,금액·재고·중복·환불,PSP adapter/고유 가격 계산,외부 timeout=unknown; 재조회/보상,결제 lifecycle glue,Spring; Frappe email; Temporal,P1,프로젝트 공통 실행·검사 기계 / 서버 권한·업무 규칙을 재사용 / provider 또는 프로젝트 고유 알고리즘
F04,F,이메일,template service/queue/provider,notify 기록만; 제품 발송 없음 [P09],"notify/deferred [Q01,Q04]",—,L1+L3+L4,허용 template+변수,수신자/동의/발송 한도,provider·특수 렌더러,중복·민감값·template injection,이메일 queue/retry glue,Spring; Frappe email; Temporal,P1,프로젝트 공통 실행·검사 기계 / 서버 권한·업무 규칙을 재사용 / provider 또는 프로젝트 고유 알고리즘
F05,F,SMS,SMS provider/queue,"제품 SMS capability 없음 [P04,P09]",이번 감사 SMS provider 미확인,—,L1+L3+L4,허용 알림 계약,수신 동의/템플릿/비용,provider adapter,국가·요금·중복·opt-out,SMS retry/rate glue,Spring; Frappe email; Temporal,P2,프로젝트 공통 실행·검사 기계 / 서버 권한·업무 규칙을 재사용 / provider 또는 프로젝트 고유 알고리즘
F06,F,Push Notification,device registry/push provider,"제품 push capability 없음 [P04,P09]",이번 감사 push provider 미확인,—,L1+L3+L4,허용 topic/사용자 범위,device 소유/민감 payload,provider adapter,만료 token/중복/권한 회수,push 전송 wrapper,Spring; Frappe email; Temporal,P2,프로젝트 공통 실행·검사 기계 / 서버 권한·업무 규칙을 재사용 / provider 또는 프로젝트 고유 알고리즘
F07,F,파일 업로드 및 다운로드,multipart controller/signed URL,제품 JSON만; 관리형 file route 없음 [P06],multipart/object [Q05],—,L1+L2+L3,file handle 업로드·다운로드,타입/크기/소유자/유효기간,특수 검사,stream 상한/만료·재승인/경로 traversal,upload/download endpoints,Spring; Frappe email; Temporal,P1,프로젝트 공통 실행·검사 기계 / 기존 primitive의 bounded 조합 / 서버 권한·업무 규칙을 재사용
F08,F,Object Storage,S3 SDK/metadata/ACL,제품 storage capability 없음 [P06],개발용 local ObjectStore [Q05],—,L1+L3+L4,허용 object handle만,bucket/TTL/접근/삭제 정책,storage adapter,tenant key/cleanup/서명 URL/접근회수,스토리지별 CRUD glue,Spring; Frappe email; Temporal,P1,프로젝트 공통 실행·검사 기계 / 서버 권한·업무 규칙을 재사용 / provider 또는 프로젝트 고유 알고리즘
F09,F,외부 데이터 동기화,poller/checkpoint/merge service,"제품 sync 계약 없음 [P04,P06]","schedule/handler 일부 [Q03,Q04]",—,L1+L2+L3+L4,서버 허용 sync 실행,cursor/충돌/권한/변환,provider별 의미 mapping,부분 처리 checkpoint/중복/삭제 반영,sync orchestration glue,Spring; Frappe email; Temporal,P1,프로젝트 공통 실행·검사 기계 / 기존 primitive의 bounded 조합 / 서버 권한·업무 규칙을 재사용 / provider 또는 프로젝트 고유 알고리즘
F10,F,외부 API 실패 처리,retry/error classification,제품 외부 실패 모델 없음 [P04],outbound retry [Q04],—,L1+L3+L4,계약화된 실패 처리,retryable/unknown/permanent,provider 오류 adapter,429/Retry-After/timeout 후 효과 재조회,service별 try/catch/retry,Spring; Frappe email; Temporal,P0,프로젝트 공통 실행·검사 기계 / 서버 권한·업무 규칙을 재사용 / provider 또는 프로젝트 고유 알고리즘
F11,F,Timeout / Circuit Breaker,HTTP timeout/breaker library,"부분: worker deadline/DB timeout; 외부 breaker 없음 [P04,P06,T01]",outbound timeout/retry [Q04],L1(일부),L1+L3,더 낮은 요청 예산만,총 기한/시도/breaker 정책,provider adapter,단계 timeout과 전체 deadline 구분,연동별 resilience wrapper,Spring; Frappe email; Temporal,P0,프로젝트 공통 실행·검사 기계 / 서버 권한·업무 규칙을 재사용
G01,G,파일 검증,MIME/sniff/size/scanner,관리형 file validator 없음 [P06],upload validation 일부 [Q05],—,L1+L3+L4,file handle 제출,크기·형식·검사 정책,악성코드/특수 포맷 scanner,확장자 불신/zip bomb/격리,파일별 검증 wrapper,InvenTree importer/exporter; ASP.NET,P1,프로젝트 공통 실행·검사 기계 / 서버 권한·업무 규칙을 재사용 / provider 또는 프로젝트 고유 알고리즘
G02,G,이미지 처리,image worker/options validator,제품 표준 이미지 계약 없음; 로컬 확장 가능 [P04],이번 감사 image codec 미확인,L4(로컬 제한),L1+L2+L3+L4,허용 resize/format 옵션,입출력/자원 상한,codec·특수 영상 처리,압축 폭탄/CPU·메모리/메타데이터,단순 resize endpoint,InvenTree importer/exporter; ASP.NET,P2,프로젝트 공통 실행·검사 기계 / 기존 primitive의 bounded 조합 / 서버 권한·업무 규칙을 재사용 / provider 또는 프로젝트 고유 알고리즘
G03,G,문서 변환,converter subprocess/background job,"제품 관리형 문서 변환 없음 [P04,P06]",이번 감사 converter 미확인,L4(로컬 제한),L1+L3+L4,등록 변환 계약,형식/페이지/시간/파일 scope,converter adapter,process 격리/대형 결과/취소,converter job/status glue,InvenTree importer/exporter; ASP.NET,P1,프로젝트 공통 실행·검사 기계 / 서버 권한·업무 규칙을 재사용 / provider 또는 프로젝트 고유 알고리즘
G04,G,CSV / Excel 처리,parser/validator/export worker,제품 표준 파일 처리 없음 [P06],"CSV export Job [Q02,Q05]",—,L1+L2+L3+L4,열/필터/형식 허용 범위,schema/권한/부분 실패,특수 sheet 의미,formula injection/인코딩/행 수/메모리,import/export glue,InvenTree importer/exporter; ASP.NET,P1,프로젝트 공통 실행·검사 기계 / 기존 primitive의 bounded 조합 / 서버 권한·업무 규칙을 재사용 / provider 또는 프로젝트 고유 알고리즘
G05,G,대용량 파일 처리,chunk upload/multipart worker,제품 1MiB JSON; 대용량 경로 없음 [P06],PoC multipart는 전체 bytes 적재 [Q05],—,L1+L3+L4,chunk/file handle,크기·quota/수명,특수 처리기,backpressure/resume/임시 파일 정리,chunking·진행률 glue,InvenTree importer/exporter; ASP.NET,P1,프로젝트 공통 실행·검사 기계 / 서버 권한·업무 규칙을 재사용 / provider 또는 프로젝트 고유 알고리즘
G06,G,Streaming,stream handlers/backpressure,제품 bounded JSON만 [P06],PoC multipart whole-buffer [Q05],—,L1+L3+L4,허용 stream 구독,길이/속도/중단,stream adapter,느린 소비자/권한 회수/연결 비용,stream endpoint wrapper,InvenTree importer/exporter; ASP.NET,P2,프로젝트 공통 실행·검사 기계 / 서버 권한·업무 규칙을 재사용 / provider 또는 프로젝트 고유 알고리즘
G07,G,파일 메타데이터,file table/hash/content service,제품 managed metadata 없음 [P06],ObjectStore metadata 일부 [Q05],—,L1+L3,허용 속성 조회,소유자/타입/보관,특수 extractor,원문명·PII·hash·tenant scope,file DTO/metadata 처리,InvenTree importer/exporter; ASP.NET,P1,프로젝트 공통 실행·검사 기계 / 서버 권한·업무 규칙을 재사용
G08,G,접근 제어,object ACL/download guards,"행 정책은 있음; file executor 없음 [P01,P06]",PoC object 권한 경로 [Q05],L3(데이터),L1+L3,권한 있는 handle만,파일 소유/tenant/만료,특수 정책 adapter,Job 결과·signed URL도 재검사,download마다 중복 guard,InvenTree importer/exporter; ASP.NET,P0,프로젝트 공통 실행·검사 기계 / 서버 권한·업무 규칙을 재사용
G09,G,저장소 추상화,storage interface/provider config,제품 storage executor 없음 [P06],개발용 local store [Q05],—,L1+L3+L4,provider 선택 불가,운영 storage/일관성,S3/GCS/local adapter,provider별 atomic rename/보관 의미,storage SDK coupling,InvenTree importer/exporter; ASP.NET,P2,프로젝트 공통 실행·검사 기계 / 서버 권한·업무 규칙을 재사용 / provider 또는 프로젝트 고유 알고리즘
H01,H,WebSocket,gateway/auth/connection registry,제품 WS 경로 없음 [P06],WS subscribe [Q06],—,L1+L3,계약 구독,접근·연결 상한,특수 protocol adapter,메시지 권한/재인증/slow consumer,gateway/auth glue,FastAPI WebSockets; PoC subscribe,P1,프로젝트 공통 실행·검사 기계 / 서버 권한·업무 규칙을 재사용
H02,H,Server-Sent Events,SSE endpoint/event ID,제품 SSE 없음 [P06],이번 감사 SSE 미확인,—,L1+L3,허용 stream 구독,대상/인증/보관,transport adapter,재연결 cursor/토큰 로그/유실,SSE reconnect wrapper,FastAPI WebSockets; PoC subscribe,P2,프로젝트 공통 실행·검사 기계 / 서버 권한·업무 규칙을 재사용
H03,H,실시간 알림,pubsub/gateway/per-user dispatch,제품 outbox 기록만 [P09],"notify/WS 별도 [Q04,Q06]",—,L1+L2+L3,허용 알림 구독,수신자·민감값,provider adapter,전달 직전 권한/중복·미수신 상태,알림 fanout glue,FastAPI WebSockets; PoC subscribe,P1,프로젝트 공통 실행·검사 기계 / 기존 primitive의 bounded 조합 / 서버 권한·업무 규칙을 재사용
H04,H,실시간 데이터 변경 전달,CDC/listeners/query invalidation,"제품 SDK TTL는 realtime 아님 [P05,P06]",PG notify 후 재조회 [Q06],—,L1+L2+L3,허용 조회 구독,변경 deps/가시성,CDC adapter,notify 유실시 snapshot/정책 변경에도 갱신,table별 change handler,FastAPI WebSockets; PoC subscribe,P1,프로젝트 공통 실행·검사 기계 / 기존 primitive의 bounded 조합 / 서버 권한·업무 규칙을 재사용
H05,H,구독 및 해제,subscription registry/cleanup,제품 subscribe contract 없음 [P06],named subscribe/unsubscribe [Q06],—,L1+L2+L3,노출 조회 구독·해제,상한/만료/필터,특수 stream adapter,구독당 비용/해제 후 전달 차단,registry/cleanup glue,FastAPI WebSockets; PoC subscribe,P1,프로젝트 공통 실행·검사 기계 / 기존 primitive의 bounded 조합 / 서버 권한·업무 규칙을 재사용
H06,H,사용자별 이벤트 전달,user room/ACL filter,제품 per-user delivery 없음 [P09],구독 actor 재검사 [Q06],—,L1+L3,본인 허용 이벤트,actor/tenant/위임 정책,provider adapter,발행시만 아닌 전달시 권한,room·사용자 필터,FastAPI WebSockets; PoC subscribe,P0,프로젝트 공통 실행·검사 기계 / 서버 권한·업무 규칙을 재사용
H07,H,연결 및 재연결 관리,heartbeat/reconnect/replay buffer,제품 durable reconnect 없음 [P06],연결·snapshot; cursor replay 미확인 [Q06],—,L1+L3,구독 복구·snapshot,보관/유실/복구 계약,transport adapter,resume 실패를 숨기지 않음/재승인,각 화면 reconnect 상태기계,FastAPI WebSockets; PoC subscribe,P1,프로젝트 공통 실행·검사 기계 / 서버 권한·업무 규칙을 재사용
I01,I,Logging,middleware/logger/context propagation,부분: 기동/정지 report·panic 로그; 요청 공통 로그 부족 [P11],tracing [Q01],L1(일부),L1+L3,공개 오류·request ID,로그 필드/보관/redact,sink adapter,secret/PII 비노출·Job 상관 ID,모듈별 log context glue,ASP.NET hosted services; Twenty,P1,프로젝트 공통 실행·검사 기계 / 서버 권한·업무 규칙을 재사용
I02,I,Metrics,prometheus counters/histograms,"제품 metrics endpoint 없음 [P06,P11]",이번 감사 metrics 미확인,—,L1+L3,운영 권한만,지표/tenant label 정책,exporter adapter,고 cardinality·민감 tenant/비용,각 executor 수기 계량,ASP.NET hosted services; Twenty,P1,프로젝트 공통 실행·검사 기계 / 서버 권한·업무 규칙을 재사용
I03,I,Distributed Tracing,OTel instrumentation,제품 공통 trace 계약 없음 [P11],이번 감사 trace propagation 미확인,—,L1+L3,trace 요청 식별자만,sampling/전파/보관,OTel adapter,queue·외부 단계 trace/PII 제거,기능별 span glue,ASP.NET hosted services; Twenty,P2,프로젝트 공통 실행·검사 기계 / 서버 권한·업무 규칙을 재사용
I04,I,Health Check,liveness/readiness probes,제품 health route 없음 [P06],/aip/health [Q01],—,L1+L3,운영 제한 조회,필수 provider readiness,provider health adapter,dependency 고장과 process 생존 구분,서비스별 health endpoint,ASP.NET hosted services; Twenty,P1,프로젝트 공통 실행·검사 기계 / 서버 권한·업무 규칙을 재사용
I05,I,Configuration,config parser/env validation,지원 범위 내 명시적 service 옵션 [P11],config 선언 [Q01],L1+L3,L1+L3,공개 config만,운영 설정/검증/비밀 분리,provider adapter,알 수 없는 key·단위/재시작·변경 호환,프로젝트별 config glue,ASP.NET hosted services; Twenty,P2,프로젝트 공통 실행·검사 기계 / 서버 권한·업무 규칙을 재사용
I06,I,Feature Flag,flag SDK/policy wrappers,"제품 공통 feature flag 없음 [P01,P06]",flag 선언 [Q01],—,L1+L3+L4,허용 flag 평가,tenant/rollout/안전 기본값,flag provider adapter,권한 대체 금지/재현·감사,기능별 rollout if 분산,ASP.NET hosted services; Twenty,P2,프로젝트 공통 실행·검사 기계 / 서버 권한·업무 규칙을 재사용 / provider 또는 프로젝트 고유 알고리즘
I07,I,장애 복구,journals/retry/lease cleanup,"부분: commit unknown/idem·배포 journal [P06,P08]","job/outbox 재시도 [Q03,Q04]",L1+L3(일부),L1+L3,원 요청 재확정,복구/재처리/보존 정책,provider-specific reconciliation,crash 지점별 효과 중복/상태 확정,각 앱 복구 script,ASP.NET hosted services; Twenty,P0,프로젝트 공통 실행·검사 기계 / 서버 권한·업무 규칙을 재사용
I08,I,실행 비용 제한,query budgets/request timeouts,"부분: read budget/연결·frame·worker 제한; 실행 전체 deadline은 별도 [P01,P04,P06,T01]",page/rate 일부 [Q01],L1+L3,L1+L3,더 작은 예산 요청,상한·비용/tenant 공정성,비용 estimator adapter,CPU/memory/I/O/팬아웃·총 경과 시간,기능별 상한 검사,ASP.NET hosted services; Twenty,P0,프로젝트 공통 실행·검사 기계 / 서버 권한·업무 규칙을 재사용
I09,I,Resource Quota,tenant counters/plan service,"부분: 정수 atMost 행 제한; 범용 quota 없음 [P01,P03]",tenant/plan 일부 [Q02],L1+L3(행 수),L1+L3,허용 소비 요청,계량 단위/요금제/정산,특수 billing adapter,동시 예약·환급·기간 경계·이중 계량,quota counter/검사 glue,ASP.NET hosted services; Twenty,P1,프로젝트 공통 실행·검사 기계 / 서버 권한·업무 규칙을 재사용
I10,I,운영 진단,admin endpoints/run dashboards,"부분: migration plan/preflight; 작업 진단 없음 [P08,P11]","job/outbox 상태 테이블 [Q03,Q04]",L1(일부),L1+L3,운영 주체만 조회,민감정보/복구 권한,특수 진단 adapter,진단이 정책 우회 API가 되지 않음,각 worker admin 기능,ASP.NET hosted services; Twenty,P1,프로젝트 공통 실행·검사 기계 / 서버 권한·업무 규칙을 재사용
I11,I,버전 및 호환성 관리,schema/API version checks,"부분: 계약 지문/배포 fence·migration [P05,P06,P08]",Core IR diff/versions [Q01],L1+L3,L1+L3,생성 계약 버전 제시,지원 버전·실행 중 run 배포,provider compatibility adapter,진행 작업 옛 계약/중복효과/롤백 정책,다계층 버전 glue,ASP.NET hosted services; Twenty,P0,프로젝트 공통 실행·검사 기계 / 서버 권한·업무 규칙을 재사용
J01,J,정형화된 계약 탐색,OpenAPI/schema registry,"부분: 생성 SDK/정적 descriptor; runtime describe 없음 [P05,P06]",/aip/describe [Q01],L1+L3,L1+L3,권한 범위 catalog 조회,공개 계약/비밀 분리,특수 도메인 metadata,catalog가 권한 부여는 아님/지문 바인딩,AI의 구현 탐색 추측,OpenFGA models; AIP SDK/PoC describe,P1,프로젝트 공통 실행·검사 기계 / 서버 권한·업무 규칙을 재사용
J02,J,표준 기능 카탈로그,docs/plugin registry,"제품 공통 backend capability catalog 없음 [P05,P06]",Core contract [Q01],—,L1+L3,표준 primitive 발견,available/disabled/제약,provider metadata adapter,구현·provider 가용성·허용 scope 구분,기능마다 다른 선택지 탐색,OpenFGA models; AIP SDK/PoC describe,P1,프로젝트 공통 실행·검사 기계 / 서버 권한·업무 규칙을 재사용
J03,J,선언 메타데이터,docstrings/descriptions,"부분: 선택 docs facts; SDK 노출 전체 미검증 [P01,P05]",description metadata [Q01],L3,L1+L3,공개 설명 선택 조회,visibility/분류,보통 불필요,누락해도 의미·보안 유지/자연어는 권한 아님,별도 설명 파일 drift,OpenFGA models; AIP SDK/PoC describe,P2,프로젝트 공통 실행·검사 기계 / 서버 권한·업무 규칙을 재사용
J04,J,타입 기반 호출 검증,DTO/validator/client types,"지원 범위 내 생성 TS·서버 입력/출력 검사 [P01,P04,P05]",contract generation [Q01],L1+L3,L1+L2+L3,타입에 맞는 호출,단일 입력/출력 계약,확장 출력은 동일 검사,TS 통과만으로 런타임 신뢰 금지,프론트·백 DTO 이중 유지,OpenFGA models; AIP SDK/PoC describe,P0,프로젝트 공통 실행·검사 기계 / 기존 primitive의 bounded 조합 / 서버 권한·업무 규칙을 재사용
J05,J,사용 가능한 기능의 자동 발견,introspection/OpenAPI clients,"부분: 정적 binding만; runtime catalog 없음 [P05,P06]",describe [Q01],L1(정적),L1+L3,서버 권한별 발견,공개/내부/운영 분리,provider adapter,미가용 기능 이유/버전/실제 권한 재검사,AI의 기능 추정/잘못된 호출,OpenFGA models; AIP SDK/PoC describe,P1,프로젝트 공통 실행·검사 기계 / 서버 권한·업무 규칙을 재사용
J06,J,코드 생성 시 불필요한 선택 최소화,templates/guidelines,"부분: 다섯 작성 형식·여러 쓰기 모델 미결정 [P01,P05]",별도 Core DSL [Q01],L1(일부),L1+L2+L3,표준 우선 하나의 선택 경로,primitive/조합/재사용/확장 기준,특수 코드만,작성 형식·최종 W모델 임의 확정 금지,동일 목적 다중 API/DTO,OpenFGA models; AIP SDK/PoC describe,P1,프로젝트 공통 실행·검사 기계 / 기존 primitive의 bounded 조합 / 서버 권한·업무 규칙을 재사용
J07,J,선택적 정적 분석,linters/custom analyzers,지원 범위 dev-checks + 필수 sema 구분 [P01],IR analyze [Q01],L1+L3,L1+L3,개발 검사 선택,필수 안전 검사 분리,특수 lint plugin,선택 lint를 꺼도 필수 권한 검사 유지,여러 단계 수기 일관성 검사,OpenFGA models; AIP SDK/PoC describe,P2,프로젝트 공통 실행·검사 기계 / 서버 권한·업무 규칙을 재사용
J08,J,선언 간 일관성 검사,schema validators/graph checks,"부분: 이름·타입·binding·지문 검사 [P01,P05]",IR analyze [Q01],L1,L1+L3,개발 진단 확인,효과·권한·의존·계약 version,특수 plugin,dependency cycle/누락 provider/불가능 조합,런타임에서 뒤늦은 계약 실패,OpenFGA models; AIP SDK/PoC describe,P1,프로젝트 공통 실행·검사 기계 / 서버 권한·업무 규칙을 재사용
J09,J,중복 구현 탐지,code search/static pattern analysis,제품 공통 duplication analyzer 없음 [P01],이번 감사 탐지기 미확인,—,L1+L3,개발 진단만,동등 의도/예외 설명,선택 analyzer adapter,유사 문자열을 의미 동일로 단정 금지,Level4 반복 후보 식별,OpenFGA models; AIP SDK/PoC describe,P3,프로젝트 공통 실행·검사 기계 / 서버 권한·업무 규칙을 재사용
J10,J,AI가 생성한 로직의 검증 가능성,typecheck/unit/integration tests,"부분: facts/type/SDK/실제 DB·worker tests [P01,P04,P05,T01]",OSS e2e들 [Q01-Q06],L1+L3,L1+L2+L3+L4,생성 선언 검증,효과/불변조건/실패 계약,확장 contract tests,증거 없는 생산성·성능 보장 금지,생성코드 검증 glue,OpenFGA models; AIP SDK/PoC describe,P0,프로젝트 공통 실행·검사 기계 / 기존 primitive의 bounded 조합 / 서버 권한·업무 규칙을 재사용 / provider 또는 프로젝트 고유 알고리즘
